<?xml version="1.0" encoding="UTF-8"?>
<beans xmlns="http://www.springframework.org/schema/beans" 
        xmlns:xsi="http://www.w3.org/2001/XMLSchema-instance" 
        xmlns:security="http://www.springframework.org/schema/security" 
        xmlns:context="http://www.springframework.org/schema/context" 
        xsi:schemaLocation=" http://www.springframework.org/schema/beans 
                            http://www.springframework.org/schema/beans/spring-beans.xsd 
                            http://www.springframework.org/schema/context 
                            http://www.springframework.org/schema/context/spring-context.xsd 
                            http://www.springframework.org/schema/security 
                            http://www.springframework.org/schema/security/spring-security.xsd">
    <security:http realm="Protected API" use-expressions="true" auto-config="false" create-session="always" entry-point-ref="CustomAuthenticationEntryPoint">
        <security:custom-filter ref="authenticationTokenProcessingFilter" position="PRE_AUTH_FILTER" />
        <security:intercept-url pattern="/**" access="isAuthenticated()" />
    </security:http>
    
    <context:component-scan base-package="org.sitenv.spring" />
	<context:annotation-config />

    <bean id="CustomAuthenticationEntryPoint"
              class="org.sitenv.spring.auth.CustomAuthenticationEntryPoint" />

    <bean class="org.sitenv.spring.auth.AuthenticationTokenProcessingFilter"
              id="authenticationTokenProcessingFilter">
              
    </bean>
    
    <security:authentication-manager alias="authenticationManager" />
    </beans>