<?xml version="1.0" encoding="UTF-8"?>
<configuration scan="true" scanPeriod="30 seconds">

    <contextListener class="ch.qos.logback.classic.jul.LevelChangePropagator">
        <resetJUL>true</resetJUL>
    </contextListener>

    <!-- To enable JMX Management -->
    <jmxConfigurator/>

    <appender name="console" class="ch.qos.logback.core.ConsoleAppender">
        <encoder>
            <pattern>%-5level %logger{0} - %msg%n</pattern>
        </encoder>
    </appender>

	<!--<logger name="org.hibernate" level="debug"/> -->
   <!-- Uncomment and add your logger here:
    <logger name="org.springframework.samples.service.service" level="debug"/> -->
  
  <!-- External log file creation start -->  
  <appender name="FILE" class="ch.qos.logback.core.FileAppender">
    <!-- "application-name" is a variable -->
    <File>${catalina.home}/logs/fhir.log</File>
    <layout class="ch.qos.logback.classic.PatternLayout">
      <Pattern>%d %p %t %c - %m%n</Pattern>
    </layout>
  </appender>
  <root level="info">
    <appender-ref ref="FILE"/>
  </root>
  <!-- log file end -->
    
    <logger name="org.sitenv.spring" level="info" />
         
    <!-- <root level="trace">
        <appender-ref ref="console"/>
    </root> -->
</configuration>
